tonode,,voltageim,
1,0,   7.25151938102141E+003 ,   0.00000000000000E+000 
2,0,-3.62575946614810E+003,-6.28000012953555E+003
3,0,-3.62576013923590E+003,   6.27999974092812E+003 
